Date,Open Price,High Price,Low Price,Close Price,WAP,No.of Shares,No. of Trades,Total Turnover (Rs.),Deliverable Quantity,% Deli. Qty to Traded Qty,Spread High-Low,Spread Close-Open
21-January-2020,1529.70,1545.95,1523.00,1533.95,1534.881862001111142148,322191,15146,494525122.00,94169,29.23,22.95,4.25
20-January-2020,1608.05,1609.50,1527.00,1532.00,1559.585975594777503469,651336,24647,1015814491.00,234689,36.03,82.50,-76.05
17-January-2020,1551.15,1584.80,1551.15,1580.65,1573.895030586116478280,617437,17615,971781026.00,310736,50.33,33.65,29.50
16-January-2020,1529.05,1543.00,1528.50,1537.70,1533.617940610605912117,387746,10281,594654222.00,242741,62.60,14.50,8.65
15-January-2020,1538.50,1540.45,1519.00,1524.00,1525.358759640697966689,226773,10379,345910182.00,83040,36.62,21.45,-14.50
14-January-2020,1542.45,1550.50,1522.70,1529.05,1533.812830807927957010,297378,9529,456122192.00,132431,44.53,27.80,-13.40
13-January-2020,1547.00,1558.50,1538.65,1543.45,1548.754043073697086191,228910,7469,354525288.00,97350,42.53,19.85,-3.55
10-January-2020,1550.00,1557.75,1540.10,1547.70,1549.546757735864724872,192674,10621,298557372.00,66366,34.44,17.65,-2.30
9-January-2020,1537.25,1549.80,1531.85,1547.95,1542.177288829288333191,258014,16829,397903331.00,97091,37.63,17.95,10.70
8-January-2020,1508.00,1534.45,1508.00,1513.95,1518.193716541953802017,270488,10356,410653182.00,90878,33.60,26.45,5.95
7-January-2020,1520.00,1534.00,1514.45,1525.05,1522.463507456766619070,504240,19393,767686999.00,283958,56.31,19.55,5.05
6-January-2020,1527.00,1528.00,1497.50,1501.50,1510.219035996213015662,453131,18338,684327062.00,198219,43.74,30.50,-25.50
3-January-2020,1534.40,1541.30,1523.40,1537.25,1535.087741148361843275,354087,10840,543554613.00,152201,42.98,17.90,2.85
2-January-2020,1514.00,1540.80,1513.00,1535.35,1523.276102212755528446,726289,13358,1106338677.00,144867,19.95,27.80,21.35
1-January-2020,1516.10,1527.40,1505.35,1509.70,1513.892413708561721800,456824,11005,691582388.00,230445,50.44,22.05,-6.40
31-December-2019,1544.70,1544.70,1509.10,1514.10,1527.064144792462783981,295706,10474,451562030.00,142598,48.22,35.60,-30.60
30-December-2019,1543.00,1547.00,1528.30,1544.20,1537.756116078279340618,371439,11771,571182594.00,195064,52.52,18.70,1.20
27-December-2019,1525.00,1545.80,1521.45,1542.15,1532.595865776789024842,485460,16027,744013989.00,217520,44.81,24.35,17.15
26-December-2019,1545.95,1553.30,1510.95,1515.95,1534.656346427389580081,577183,17878,885777554.00,203746,35.30,42.35,-30.00
24-December-2019,1570.90,1572.15,1542.75,1545.95,1555.902932372219450513,232508,10853,361759879.00,87622,37.69,29.40,-24.95
23-December-2019,1555.00,1577.00,1555.00,1571.00,1562.107792105862131213,1274110,18294,1990297159.00,908038,71.27,22.00,16.00
20-December-2019,1611.20,1617.80,1595.65,1599.40,1607.428344382602308632,315858,13004,507719102.00,93709,29.67,22.15,-11.80
19-December-2019,1574.70,1615.00,1572.35,1605.15,1601.599316726534436982,1024480,13026,1640806468.00,154898,15.12,42.65,30.45
18-December-2019,1562.15,1580.00,1562.00,1575.70,1569.127182866556836902,279220,11780,438131692.00,145552,52.13,18.00,13.55
17-December-2019,1569.80,1579.50,1555.60,1562.15,1563.058919767898433750,320894,12649,501576229.00,144236,44.95,23.90,-7.65
16-December-2019,1589.30,1593.00,1563.60,1566.55,1574.049974068048283162,281506,9740,443104512.00,119165,42.33,29.40,-22.75
13-December-2019,1575.00,1590.00,1572.55,1582.45,1579.036988229754409141,611627,9401,965781656.00,122911,20.10,17.45,7.45
12-December-2019,1567.00,1573.60,1557.25,1567.50,1567.116693911644281373,585429,9350,917435559.00,92629,15.82,16.35,0.50
11-December-2019,1557.50,1575.15,1551.00,1562.60,1564.174840881740093578,615737,8366,963120324.00,105729,17.17,24.15,5.10
10-December-2019,1571.90,1574.80,1554.25,1562.20,1560.597079810230707426,209096,8144,326314607.00,93999,44.95,20.55,-9.70
9-December-2019,1554.15,1577.30,1547.65,1572.55,1566.061350931626463856,307151,12737,481017310.00,121253,39.48,29.65,18.40
6-December-2019,1558.00,1568.20,1541.40,1554.95,1554.888724480730748953,343319,9361,533822842.00,154476,44.99,26.80,-3.05
5-December-2019,1579.00,1579.85,1544.00,1550.30,1560.871732028301513058,378637,13717,591003790.00,114461,30.23,35.85,-28.70
4-December-2019,1570.25,1577.05,1533.45,1552.55,1550.988322360172800412,558332,15289,865966412.00,226508,40.57,43.60,-17.70
3-December-2019,1591.00,1593.35,1573.10,1578.85,1578.653486979461699062,370722,10451,585241578.00,173733,46.86,20.25,-12.15
2-December-2019,1595.00,1614.00,1577.70,1586.30,1590.501901387616085667,692915,19801,1102082625.00,320621,46.27,36.30,-8.70
29-November-2019,1582.00,1582.00,1548.00,1550.90,1559.504851713978229036,226724,9087,353577178.00,90930,40.11,34.00,-31.10
28-November-2019,1572.50,1584.00,1564.40,1579.95,1577.600117023221795575,273450,11289,431394752.00,128521,47.00,19.60,7.45
27-November-2019,1561.00,1575.00,1556.40,1569.75,1564.948430868885414339,179080,7672,280250965.00,76992,42.99,18.60,8.75
26-November-2019,1569.40,1576.00,1556.00,1558.85,1565.797396101331865449,334268,13120,523395964.00,165327,49.46,20.00,-10.55
25-November-2019,1551.00,1564.60,1551.00,1560.70,1558.926298279437185467,260903,15879,406728548.00,105904,40.59,13.60,9.70
22-November-2019,1543.00,1569.60,1537.90,1546.40,1550.284034857819556305,475417,16723,737031385.00,98714,20.76,31.70,3.40
21-November-2019,1547.50,1556.30,1528.60,1537.25,1537.213180509944906469,591358,20290,909043312.00,221381,37.44,27.70,-10.25
20-November-2019,1552.55,1571.85,1543.55,1547.05,1560.457590193713091414,1140656,34141,1779945313.00,440443,38.61,28.30,-5.50
19-November-2019,1467.50,1514.95,1465.50,1509.80,1497.356290511065463704,826626,23661,1237753641.00,308033,37.26,49.45,42.30
18-November-2019,1471.35,1486.00,1449.95,1458.50,1466.523144276983528100,294198,8955,431448176.00,112615,38.28,36.05,-12.85
15-November-2019,1465.25,1486.50,1463.25,1469.30,1478.190601822347397250,437787,9141,647132629.00,256180,58.52,23.25,4.05
14-November-2019,1475.00,1481.00,1456.05,1463.40,1468.114063101303266494,348202,6349,511200253.00,207501,59.59,24.95,-11.60
13-November-2019,1431.00,1475.00,1430.00,1472.00,1463.076266553922761884,468318,13320,685184951.00,213242,45.53,45.00,41.00
11-November-2019,1440.00,1444.05,1423.35,1427.80,1430.555462207753312874,257103,7360,367800101.00,120435,46.84,20.70,-12.20
8-November-2019,1458.60,1459.60,1441.00,1445.35,1447.060343018281033898,371642,8831,537788400.00,214990,57.85,18.60,-13.25
7-November-2019,1438.00,1462.90,1432.95,1458.80,1447.953506943504507187,295528,7713,427910804.00,177390,60.02,29.95,20.80
6-November-2019,1445.70,1446.20,1428.70,1432.10,1434.968337226232000822,418283,8697,600222861.00,211827,50.64,17.50,-13.60
5-November-2019,1458.55,1469.00,1440.60,1447.60,1450.801111473736951215,217549,7328,315620331.00,69081,31.75,28.40,-10.95
4-November-2019,1466.00,1471.15,1445.00,1457.25,1454.237622486707359440,434639,9852,632068386.00,268623,61.80,26.15,-8.75
1-November-2019,1459.90,1462.05,1441.10,1457.00,1451.867891385147131933,211205,13572,306641758.00,57983,27.45,20.95,-2.90
31-October-2019,1482.25,1489.50,1461.00,1464.20,1472.041100884760665245,235883,8335,347229471.00,71975,30.51,28.50,-18.05
30-October-2019,1480.10,1484.00,1460.40,1478.70,1473.040801439676855140,1226942,7766,1807335627.00,1061706,86.53,23.60,-1.40
29-October-2019,1442.25,1480.40,1442.25,1467.10,1466.750160729362737124,516396,15723,757423916.00,166718,32.28,38.15,24.85
27-October-2019,1440.00,1445.75,1430.00,1434.10,1437.907733930403955592,75033,4205,107890531.00,28376,37.82,15.75,-5.90
25-October-2019,1437.50,1440.25,1411.80,1430.70,1426.704735647006834295,359803,8727,513332644.00,100508,27.93,28.45,-6.80
24-October-2019,1400.05,1441.00,1386.75,1436.25,1416.718467190002169027,433374,14812,613968949.00,146892,33.89,54.25,36.20
23-October-2019,1417.00,1425.50,1383.40,1392.85,1403.669317424451777557,307585,9272,431747627.00,81524,26.50,42.10,-24.15
22-October-2019,1427.05,1437.65,1404.00,1414.25,1419.641959385548928221,638098,16761,905870695.00,181704,28.48,33.65,-12.80
18-October-2019,1403.10,1428.00,1399.70,1415.30,1416.679463532506898869,629451,20580,891730305.00,185450,29.46,28.30,12.20
17-October-2019,1378.00,1399.00,1372.15,1396.15,1387.126901884831927278,282943,10495,392477847.00,102345,36.17,26.85,18.15
16-October-2019,1368.30,1379.90,1363.50,1372.70,1372.422131253590299592,193229,7405,265191756.00,70216,36.34,16.40,4.40
15-October-2019,1363.50,1370.00,1345.00,1363.30,1364.033931710974985686,197367,6566,269215285.00,76340,38.68,25.00,-0.20
14-October-2019,1363.60,1363.60,1351.00,1357.65,1358.278499641062455132,222880,9270,302733112.00,89286,40.06,12.60,-5.95
11-October-2019,1365.00,1366.00,1337.00,1352.40,1352.183444371232642702,286839,11135,387858947.00,69582,24.26,29.00,-12.60
10-October-2019,1328.00,1368.00,1322.55,1362.40,1357.030772005084440117,682081,22000,925604906.00,272227,39.91,45.45,34.40
9-October-2019,1311.90,1330.00,1293.15,1325.75,1310.433866780724748768,236137,8136,309441922.00,60693,25.70,36.85,13.85
7-October-2019,1310.00,1320.00,1301.55,1309.80,1312.028574391951459835,192830,7629,252998470.00,61081,31.68,18.45,-0.20
4-October-2019,1317.10,1328.50,1304.05,1307.45,1318.929846629240750028,247244,9307,326097491.00,69216,28.00,24.45,-9.65
3-October-2019,1290.05,1314.10,1281.20,1311.00,1306.066843661782497647,178536,7640,233179950.00,35940,20.13,32.90,20.95
1-October-2019,1335.00,1342.50,1293.80,1305.05,1318.564543651068906677,360415,12100,475230440.00,64437,17.88,48.70,-29.95
30-September-2019,1310.00,1336.00,1305.80,1332.60,1322.030308488778587249,449676,15970,594485301.00,139994,31.13,30.20,22.60
27-September-2019,1293.80,1314.90,1284.00,1308.75,1307.687409593697485608,444521,14551,581294515.00,102892,23.15,30.90,14.95
26-September-2019,1290.00,1298.70,1283.45,1296.60,1292.357780891855457626,488106,11735,630807587.00,226622,46.43,15.25,6.60
25-September-2019,1281.00,1295.45,1269.35,1279.80,1285.035679996159569871,416620,11835,535371565.00,85987,20.64,26.10,-1.20
24-September-2019,1243.00,1298.55,1242.05,1278.55,1283.240878548185179442,960949,29712,1233129039.00,218304,22.72,56.50,35.55
23-September-2019,1278.00,1280.85,1233.20,1238.65,1248.742280063869998930,757163,22433,945501451.00,171257,22.62,47.65,-39.35
20-September-2019,1186.60,1269.50,1174.60,1254.40,1236.379657490025221442,1076465,31967,1330919428.00,271475,25.22,94.90,67.80
19-September-2019,1207.00,1209.35,1173.25,1178.70,1188.691767056775759796,349304,12272,415214789.00,99071,28.36,36.10,-28.30
18-September-2019,1204.85,1216.10,1197.60,1205.70,1206.157089741139709456,298269,10750,359759269.00,67706,22.70,18.50,0.85
17-September-2019,1214.80,1214.80,1193.70,1197.20,1201.895088341487384365,234035,7990,281285517.00,61283,26.19,21.10,-17.60
16-September-2019,1191.00,1218.15,1188.50,1210.80,1205.850421725326683835,366945,12722,442480783.00,64066,17.46,29.65,19.80
13-September-2019,1214.70,1228.25,1207.05,1225.55,1217.018065043647759025,547909,10103,666815151.00,331212,60.45,21.20,10.85
12-September-2019,1238.00,1239.60,1206.35,1210.35,1221.600539354129405156,251041,7713,306671821.00,60720,24.19,33.25,-27.65
11-September-2019,1222.70,1239.95,1222.70,1234.10,1233.735744431928604924,206849,8132,255197005.00,45877,22.18,17.25,11.40
9-September-2019,1222.00,1232.75,1213.20,1222.10,1224.495935805837791261,278530,12879,341058853.00,57476,20.64,19.55,0.10
6-September-2019,1205.00,1229.00,1196.25,1222.50,1216.211781225055059194,519895,15453,632302424.00,121957,23.46,32.75,17.50
5-September-2019,1208.00,1213.75,1193.20,1198.30,1202.471061623425642655,503380,12110,605299883.00,166099,33.00,20.55,-9.70
4-September-2019,1200.00,1204.90,1185.50,1201.55,1195.947297712638767805,517321,12746,618688652.00,186290,36.01,19.40,1.55
3-September-2019,1240.00,1243.05,1200.00,1205.90,1223.706052637192195532,328171,11177,401584839.00,101770,31.01,43.05,-34.10
30-August-2019,1247.00,1254.00,1220.85,1248.35,1236.844741917653561642,680248,17323,841361162.00,286588,42.13,33.15,1.35
29-August-2019,1257.95,1260.00,1235.50,1242.20,1250.313979214542269385,397297,9906,496745993.00,162338,40.86,24.50,-15.75
28-August-2019,1276.00,1280.50,1256.85,1263.05,1265.271430054163767553,260137,8595,329143914.00,71510,27.49,23.65,-12.95
27-August-2019,1283.00,1283.90,1261.80,1275.10,1271.020500307846669555,350824,11806,445904496.00,107905,30.76,22.10,-7.90
26-August-2019,1294.00,1294.00,1259.70,1265.90,1274.719995057991382372,323755,10133,412696972.00,70210,21.69,34.30,-28.10
23-August-2019,1243.00,1283.90,1226.80,1275.95,1257.657284542390054753,513210,14360,645442295.00,116560,22.71,57.10,32.95
22-August-2019,1271.00,1271.05,1239.05,1246.50,1251.809231448544113196,403122,10685,504631841.00,115952,28.76,32.00,-24.50
21-August-2019,1277.40,1278.40,1266.65,1270.80,1271.296138351774230223,233087,7841,296322603.00,69090,29.64,11.75,-6.60
20-August-2019,1294.00,1294.00,1272.85,1276.00,1280.325880698384385826,291530,9667,373253404.00,70232,24.09,21.15,-18.00
19-August-2019,1280.80,1296.65,1280.55,1292.10,1289.943918236659733669,463484,15977,597868367.00,214562,46.29,16.10,11.30
16-August-2019,1290.55,1291.00,1273.20,1277.40,1280.241601587806400697,339588,11206,434754685.00,89721,26.42,17.80,-13.15
14-August-2019,1298.00,1304.00,1280.10,1288.30,1291.503411589600858658,785411,24593,1014360986.00,213399,27.17,23.90,-9.70
13-August-2019,1240.00,1302.50,1225.30,1275.00,1276.539731142500975091,2092112,55153,2670664090.00,489767,23.41,77.20,35.00
9-August-2019,1159.00,1175.00,1152.70,1162.00,1165.760951603084031929,528918,14494,616591951.00,120746,22.83,22.30,3.00
8-August-2019,1109.00,1158.00,1095.65,1151.95,1126.766762806605579519,861938,22134,971203090.00,315781,36.64,62.35,42.95
7-August-2019,1127.80,1138.40,1103.00,1109.00,1119.732006349624362660,546804,16020,612273940.00,129122,23.61,35.40,-18.80
6-August-2019,1136.80,1149.90,1121.95,1128.00,1136.447531454842673909,433717,14572,492896614.00,102252,23.58,27.95,-8.80
5-August-2019,1177.50,1177.50,1129.00,1143.00,1143.316935153549932309,607913,18720,695037228.00,164254,27.02,48.50,-34.50
2-August-2019,1175.50,1198.00,1162.35,1184.20,1182.507424351874147202,523278,14362,618780120.00,85495,16.34,35.65,8.70
1-August-2019,1169.80,1188.30,1150.20,1180.55,1165.314029469776076110,430950,15545,502192081.00,103135,23.93,38.10,10.75
31-July-2019,1177.95,1184.85,1163.00,1166.00,1172.999341775498625715,363098,12108,425913715.00,95262,26.24,21.85,-11.95
30-July-2019,1211.25,1219.90,1175.80,1180.55,1201.482747792142539664,413976,13254,497385022.00,100680,24.32,44.10,-30.70
29-July-2019,1219.40,1221.50,1205.10,1211.15,1212.390372713321277009,416379,15942,504813891.00,134214,32.23,16.40,-8.25
26-July-2019,1233.45,1242.00,1210.05,1214.10,1221.917027919815376261,552475,16580,675078610.00,192889,34.91,31.95,-19.35
25-July-2019,1267.95,1268.80,1227.15,1232.30,1244.896136528837454961,382454,13505,476115507.00,112450,29.40,41.65,-35.65
24-July-2019,1274.00,1279.05,1254.40,1258.80,1260.941335645229087852,494832,15224,623954123.00,262883,53.13,24.65,-15.20
23-July-2019,1285.70,1294.00,1261.30,1272.85,1282.551007799285848524,425680,15380,545956313.00,150816,35.43,32.70,-12.85
22-July-2019,1256.95,1284.55,1227.60,1280.50,1262.310925790274412576,585651,21941,739273656.00,119978,20.49,56.95,23.55
19-July-2019,1268.25,1271.00,1243.00,1249.00,1256.839135207546467709,322482,14090,405307998.00,104083,32.28,28.00,-19.25
18-July-2019,1281.90,1286.20,1258.00,1261.80,1269.861517910152384721,181908,7220,230997969.00,56888,31.27,28.20,-20.10
17-July-2019,1296.80,1296.80,1280.00,1281.55,1286.969495531889613597,159911,5587,205800579.00,48440,30.29,16.80,-15.25
16-July-2019,1279.00,1295.00,1269.10,1293.10,1280.984160526771314820,583479,11000,747427357.00,422357,72.39,25.90,14.10
15-July-2019,1285.00,1289.00,1271.00,1275.90,1276.185580850406001334,245812,10382,313701730.00,115476,46.98,18.00,-9.10
12-July-2019,1284.70,1299.80,1278.00,1280.60,1290.874912172707319044,321654,9695,415215079.00,122934,38.22,21.80,-4.10
11-July-2019,1284.05,1289.75,1279.60,1281.30,1284.653903231584064682,156332,5750,200832514.00,55349,35.40,10.15,-2.75
10-July-2019,1281.20,1288.70,1269.00,1278.35,1276.819297310646926546,384665,9892,491147695.00,156890,40.79,19.70,-2.85
9-July-2019,1250.30,1283.85,1245.10,1279.45,1272.139037089048160688,528377,12502,672169008.00,301400,57.04,38.75,29.15
8-July-2019,1261.00,1267.70,1248.05,1251.90,1256.313081192024124843,348852,10400,438267331.00,140688,40.33,19.65,-9.10
5-July-2019,1287.05,1290.20,1259.45,1262.60,1274.546079426830798717,350612,9337,446871150.00,143601,40.96,30.75,-24.45
4-July-2019,1282.00,1291.25,1280.75,1283.00,1285.720480140687730189,319573,8020,410881551.00,156626,49.01,10.50,1.00
3-July-2019,1281.55,1286.40,1276.00,1282.25,1282.159973772402739326,274520,7495,351978556.00,128593,46.84,10.40,0.70
2-July-2019,1275.05,1281.00,1263.65,1278.05,1271.424496601256893677,350865,9211,446098356.00,140661,40.09,17.35,3.00
1-July-2019,1257.00,1272.00,1247.00,1268.50,1263.433031614167184853,384353,10031,485604276.00,150752,39.22,25.00,11.50
28-June-2019,1279.00,1282.80,1248.05,1252.00,1260.872411321456600931,440862,11722,555870733.00,186009,42.19,34.75,-27.00
27-June-2019,1294.55,1296.65,1271.10,1274.85,1282.630850625210049095,288623,8119,370196764.00,114021,39.51,25.55,-19.70
26-June-2019,1288.05,1304.50,1287.10,1294.55,1295.530901318310842179,320941,7881,415788983.00,116217,36.21,17.40,6.50
25-June-2019,1262.00,1297.80,1254.35,1295.80,1281.792491050251182250,407274,11672,522040755.00,173258,42.54,43.45,33.80
24-June-2019,1268.00,1276.00,1257.45,1262.65,1263.967018614199381833,346832,9987,438384209.00,159721,46.05,18.55,-5.35
21-June-2019,1295.00,1295.60,1276.00,1279.20,1284.693342466724144039,338684,6930,435105080.00,147247,43.48,19.60,-15.80
20-June-2019,1279.00,1300.00,1278.15,1296.90,1288.809173098854602251,302515,6826,389884107.00,132266,43.72,21.85,17.90
19-June-2019,1285.25,1301.15,1262.70,1277.50,1283.415247513750763931,449975,11403,577504776.00,164863,36.64,38.45,-7.75
18-June-2019,1281.00,1287.60,1269.30,1282.55,1280.745232271569068825,430918,10179,551896174.00,196601,45.62,18.30,1.55
17-June-2019,1321.20,1321.50,1277.50,1281.50,1291.337981312206284817,472822,11892,610573007.00,191193,40.44,44.00,-39.70
14-June-2019,1322.70,1325.10,1309.50,1316.95,1315.504099805319724913,434045,9536,570987977.00,174378,40.18,15.60,-5.75
13-June-2019,1330.95,1334.35,1310.00,1324.30,1321.700034918126183081,380891,7691,503423648.00,125178,32.86,24.35,-6.65
12-June-2019,1335.20,1338.60,1325.65,1331.10,1332.562224398586136782,201151,6038,268046224.00,47622,23.67,12.95,-4.10
11-June-2019,1321.15,1334.80,1317.20,1328.55,1327.989831327565492291,297974,8142,395706442.00,83961,28.18,17.60,7.40
10-June-2019,1319.90,1327.00,1310.60,1318.85,1318.718569843106431927,296443,7494,390924889.00,76606,25.84,16.40,-1.05
7-June-2019,1327.70,1328.70,1305.60,1315.30,1314.417795211784704601,441793,10916,580700581.00,95092,21.52,23.10,-12.40
6-June-2019,1354.20,1359.00,1321.65,1327.05,1334.482178864147385217,344675,9587,459962645.00,102199,29.65,37.35,-27.15
4-June-2019,1358.00,1373.00,1347.45,1351.10,1357.714490775395182950,340665,9633,462525807.00,65343,19.18,25.55,-6.90
3-June-2019,1335.00,1365.00,1322.10,1358.30,1346.005156423237342124,511401,14192,688348383.00,142169,27.80,42.90,23.30
31-May-2019,1339.00,1340.90,1321.25,1329.75,1330.636065625160939280,446597,11523,594258075.00,76593,17.15,19.65,-9.25
30-May-2019,1316.40,1340.45,1316.00,1330.60,1329.138223882121005050,509268,14544,676887565.00,118962,23.36,24.45,14.20
29-May-2019,1322.25,1333.15,1304.50,1313.25,1320.822127638816054245,409985,11911,541517260.00,119432,29.13,28.65,-9.00
28-May-2019,1317.20,1334.80,1314.05,1325.95,1325.026842740932826542,563020,12637,746016613.00,92405,16.41,20.75,8.75
27-May-2019,1336.00,1337.00,1308.00,1310.70,1323.075065414146613477,606138,14836,801966074.00,184091,30.37,29.00,-25.30
24-May-2019,1349.90,1353.50,1316.60,1336.80,1335.085741385049635429,877196,18012,1171131872.00,274677,31.31,36.90,-13.10
23-May-2019,1370.00,1392.00,1324.45,1335.80,1363.948861952041582912,1231275,29532,1679396135.00,304899,24.76,67.55,-34.20
22-May-2019,1349.00,1359.00,1334.50,1340.70,1344.668225143886645149,636091,14705,855331356.00,174239,27.39,24.50,-8.30
21-May-2019,1329.30,1366.25,1329.30,1339.75,1341.816306601071640466,1951774,22787,2618922180.00,1280447,65.60,36.95,10.45
20-May-2019,1313.90,1336.50,1302.60,1325.50,1317.596255554841768189,2132599,24716,2809904457.00,1271501,59.62,33.90,11.60
17-May-2019,1268.00,1276.90,1255.00,1265.70,1266.607374405012842251,538457,17074,682013607.00,152064,28.24,21.90,-2.30
16-May-2019,1261.00,1270.35,1257.75,1264.05,1264.227967836422650215,442115,9679,558934148.00,129136,29.21,12.60,3.05
15-May-2019,1274.80,1277.90,1251.10,1257.25,1268.253908524839851274,692013,16046,877648192.00,234881,33.94,26.80,-17.55
14-May-2019,1235.20,1269.50,1232.00,1259.50,1253.515070123464251386,860411,18386,1078538155.00,223544,25.98,37.50,24.30
13-May-2019,1250.40,1260.35,1227.00,1230.85,1245.988505712039927044,655195,14097,816365439.00,180764,27.59,33.35,-19.55
10-May-2019,1264.90,1277.90,1245.00,1250.50,1260.762429156685751870,1927846,22396,2430555806.00,164182,8.52,32.90,-14.40
9-May-2019,1291.70,1291.70,1251.50,1255.15,1263.709220100034397177,1026247,27186,1296877796.00,301847,29.41,40.20,-36.55
8-May-2019,1340.00,1340.00,1291.05,1299.45,1313.029567388787457984,892233,18906,1171528310.00,361512,40.52,48.95,-40.55
7-May-2019,1391.50,1394.00,1341.30,1344.55,1371.971566600182862609,1036844,13586,1422520487.00,648018,62.50,52.70,-46.95
6-May-2019,1399.00,1402.00,1378.55,1384.85,1394.900891005339554942,741073,10606,1033723388.00,182272,24.60,23.45,-14.15
3-May-2019,1407.00,1417.00,1401.40,1407.05,1411.293527697516603204,966982,18908,1364695438.00,559482,57.86,15.60,0.05
2-May-2019,1394.00,1413.75,1382.00,1405.10,1402.265997362487769600,587675,14843,824076670.00,220127,37.46,31.75,11.10
30-April-2019,1395.00,1395.00,1367.00,1391.80,1384.926866063868098069,924687,17546,1280623869.00,431346,46.65,28.00,-3.20
26-April-2019,1377.70,1395.00,1370.45,1391.45,1383.754672717638826532,494466,12875,684219638.00,114567,23.17,24.55,13.75
25-April-2019,1392.90,1410.90,1365.00,1374.55,1396.419059779862910746,795686,20124,1111111096.00,195936,24.62,45.90,-18.35
24-April-2019,1370.00,1394.60,1366.35,1390.00,1379.500890703321989756,494553,12799,682236304.00,154588,31.26,28.25,20.00
23-April-2019,1349.95,1371.85,1345.65,1363.30,1363.565014616159043217,494658,14106,674498343.00,143875,29.09,26.20,13.35
22-April-2019,1364.00,1365.15,1341.00,1344.80,1352.533606330365974282,505500,13150,683705738.00,143004,28.29,24.15,-19.20
18-April-2019,1365.45,1387.00,1365.00,1382.90,1378.424347935295346795,923643,19038,1273172000.00,286688,31.04,22.00,17.45
16-April-2019,1345.00,1359.70,1340.25,1345.30,1350.575192339505814765,465453,7930,628629275.00,199196,42.80,19.45,0.30
15-April-2019,1344.70,1348.80,1333.95,1339.75,1341.373639639141532819,434076,6444,582258104.00,103722,23.89,14.85,-4.95
12-April-2019,1348.90,1356.55,1337.30,1341.95,1345.216728930080764925,497617,8006,669402713.00,188329,37.85,19.25,-6.95
11-April-2019,1332.80,1351.70,1328.70,1346.15,1337.190756561225275148,571692,8026,764461258.00,245392,42.92,23.00,13.35
10-April-2019,1340.00,1347.65,1326.00,1328.95,1337.771514037937492787,450636,8796,602848004.00,130477,28.95,21.65,-11.05
9-April-2019,1330.90,1340.00,1321.60,1335.35,1329.475947124473615533,816181,11749,1085093008.00,400655,49.09,18.40,4.45
8-April-2019,1354.60,1356.10,1324.00,1329.40,1334.520338670294255221,466058,12865,621963880.00,160219,34.38,32.10,-25.20
5-April-2019,1360.10,1363.85,1343.60,1355.10,1352.785302848286472544,616827,9170,834434500.00,234112,37.95,20.25,-5.00
4-April-2019,1379.00,1383.75,1347.05,1353.10,1360.200043410423534740,635792,14046,864804306.00,208404,32.78,36.70,-25.90
3-April-2019,1394.45,1402.35,1370.00,1373.80,1391.077627925815570433,713519,9614,992560318.00,296563,41.56,32.35,-20.65
2-April-2019,1396.55,1402.70,1380.80,1388.45,1390.479501911093980856,498144,10193,692659021.00,78043,15.67,21.90,-8.10
1-April-2019,1368.55,1406.50,1362.85,1391.55,1389.626054319328879311,702586,14020,976331811.00,179869,25.60,43.65,23.00
29-March-2019,1366.00,1376.00,1356.10,1363.05,1363.041560452472467289,401704,7190,547539247.00,97788,24.34,19.90,-2.95
28-March-2019,1350.00,1369.90,1343.35,1360.55,1356.962187298070709867,519984,11281,705598626.00,116137,22.33,26.55,10.55
27-March-2019,1377.00,1377.00,1344.90,1350.10,1359.157430090131730991,627415,11518,852755759.00,165161,26.32,32.10,-26.90
26-March-2019,1330.00,1369.95,1330.00,1367.15,1352.492815718908718474,905101,14203,1224142600.00,283596,31.33,39.95,37.15
25-March-2019,1330.10,1336.75,1317.15,1325.25,1324.789904878797177048,488850,8161,647623545.00,195600,40.01,19.60,-4.85
22-March-2019,1374.00,1380.25,1337.50,1342.10,1358.375300136241619791,593064,13638,805603489.00,170745,28.79,42.75,-31.90
20-March-2019,1379.00,1386.60,1363.60,1375.60,1376.593649837349003931,627417,12176,863698258.00,178717,28.48,23.00,-3.40
19-March-2019,1359.00,1378.00,1343.00,1375.25,1360.847711435522595784,938383,15231,1276996358.00,306692,32.68,35.00,16.25
18-March-2019,1325.10,1358.15,1325.10,1347.60,1340.977742314688942740,761355,10917,1020960109.00,333092,43.75,33.05,22.50
15-March-2019,1345.00,1358.20,1311.65,1322.60,1343.815795194010589468,874076,12784,1174597135.00,372328,42.60,46.55,-22.40
14-March-2019,1350.00,1361.45,1334.00,1341.20,1352.077537334536297652,1336698,16091,1807319340.00,706363,52.84,27.45,-8.80
13-March-2019,1334.50,1350.00,1327.75,1346.75,1338.404225680933852140,1028000,18754,1375879544.00,428157,41.65,22.25,12.25
12-March-2019,1317.10,1333.00,1315.50,1329.85,1323.320878504235868099,1924635,14061,2546909679.00,1457699,75.74,17.50,12.75
11-March-2019,1270.80,1313.00,1268.10,1301.00,1292.419964157847680069,759441,13550,981516710.00,282912,37.25,44.90,30.20
8-March-2019,1265.05,1274.00,1261.50,1266.60,1266.053098047890911050,352593,5642,446401460.00,136976,38.85,12.50,1.55
7-March-2019,1262.70,1279.00,1258.90,1269.85,1270.266330678022004817,779193,11921,989782633.00,300421,38.56,20.10,7.15
6-March-2019,1239.50,1271.80,1235.50,1263.55,1258.198665828282430463,736337,13752,926458231.00,230466,31.30,36.30,24.05
5-March-2019,1226.70,1239.40,1218.20,1236.95,1230.387009313144911853,586805,10310,721997249.00,208919,35.60,21.20,10.25
1-March-2019,1235.00,1242.50,1222.45,1226.70,1228.083907554497644330,507499,7949,623251355.00,267940,52.80,20.05,-8.30
28-February-2019,1231.00,1239.50,1225.35,1231.55,1234.036350432222647373,512236,7882,632117844.00,270759,52.86,14.15,0.55
27-February-2019,1227.40,1244.00,1209.15,1222.45,1225.664100941326202390,575146,14288,704935805.00,129605,22.53,34.85,-4.95
26-February-2019,1214.40,1233.60,1206.15,1219.70,1222.369903853177150809,520246,11051,635933053.00,134740,25.90,27.45,5.30
25-February-2019,1235.80,1243.00,1223.15,1232.15,1231.000508503151631832,367746,8020,452695513.00,127960,34.80,19.85,-3.65
22-February-2019,1241.25,1245.90,1226.10,1232.60,1232.574726548863404496,1034097,9327,1274601827.00,761068,73.60,19.80,-8.65
21-February-2019,1236.00,1256.70,1230.20,1246.45,1245.968440941621047999,772710,12110,962772274.00,462457,59.85,26.50,10.45
20-February-2019,1226.10,1239.25,1218.75,1234.35,1226.259126834107013129,843803,8714,1034721130.00,518602,61.46,20.50,8.25
19-February-2019,1219.20,1239.70,1211.30,1216.35,1226.795387926972617211,403246,7444,494700333.00,54509,13.52,28.40,-2.85
18-February-2019,1245.30,1251.40,1215.95,1219.75,1229.892839886092804996,796789,15525,979965086.00,401090,50.34,35.45,-25.55
15-February-2019,1225.00,1248.50,1215.00,1243.50,1227.948886830640458303,641322,10318,787510636.00,337826,52.68,33.50,18.50
14-February-2019,1240.25,1242.70,1218.10,1225.50,1229.205334144341892999,378130,8225,464799413.00,68692,18.17,24.60,-14.75
13-February-2019,1261.00,1272.90,1235.00,1244.40,1259.229365541940240862,712025,7867,896602789.00,360005,50.56,37.90,-16.60
12-February-2019,1253.00,1272.00,1251.90,1256.70,1260.459532516727846951,435053,8373,548366701.00,144990,33.33,20.10,3.70
11-February-2019,1277.00,1277.00,1251.00,1253.45,1258.755213887990912139,330991,7547,416636647.00,156862,47.39,26.00,-23.55
8-February-2019,1287.00,1298.70,1272.25,1277.35,1282.205791723193612866,872003,9694,1118087297.00,527492,60.49,26.45,-9.65
7-February-2019,1310.95,1320.85,1285.80,1290.20,1302.562114000448671688,739962,17752,963846467.00,285091,38.53,35.05,-20.75
6-February-2019,1298.00,1316.50,1292.00,1309.85,1309.567038895351405474,1086608,16587,1422986021.00,521833,48.02,24.50,11.85
5-February-2019,1292.00,1304.25,1278.60,1290.30,1293.196715436118150418,945879,17376,1223207616.00,395981,41.86,25.65,-1.70
4-February-2019,1245.55,1297.00,1245.00,1291.15,1269.163733205000981489,1105463,19155,1403013548.00,526974,47.67,52.00,45.60
1-February-2019,1234.00,1253.00,1225.75,1247.30,1238.354463016318026358,927747,15561,1148879638.00,499100,53.80,27.25,13.30
31-January-2019,1201.00,1229.80,1201.00,1227.10,1219.771943585027516552,620899,18129,757355180.00,266677,42.95,28.80,26.10
30-January-2019,1215.00,1224.90,1190.55,1194.80,1206.994492151482497750,450085,10108,543250116.00,152321,33.84,34.35,-20.20
29-January-2019,1230.00,1231.90,1201.60,1210.90,1211.181977634207726836,578115,8825,700202469.00,286431,49.55,30.30,-19.10
28-January-2019,1253.00,1255.45,1221.75,1229.60,1237.350257365687876952,787401,9609,974290830.00,207788,26.39,33.70,-23.40
25-January-2019,1250.10,1263.00,1236.55,1246.25,1253.507289482760625167,516086,11215,646917563.00,133069,25.78,26.45,-3.85
24-January-2019,1225.05,1251.75,1220.10,1245.40,1240.628752774013370189,946733,16585,1174544181.00,324758,34.30,31.65,20.35
23-January-2019,1233.40,1244.00,1222.50,1225.70,1232.768916574522438708,419632,7946,517309286.00,145350,34.64,21.50,-7.70
22-January-2019,1234.00,1246.25,1219.40,1234.75,1233.820950418117259754,1241159,19614,1531367977.00,491297,39.58,26.85,0.75
21-January-2019,1193.90,1237.40,1189.75,1234.50,1223.844257442750311903,1461187,30093,1788265319.00,311010,21.28,47.65,40.60
18-January-2019,1149.70,1189.25,1135.50,1182.95,1164.453006016123343244,1808806,32839,2106269584.00,481746,26.63,53.75,33.25
17-January-2019,1141.00,1147.80,1129.10,1133.75,1135.871664512903894939,776161,12737,881619287.00,320013,41.23,18.70,-7.25
16-January-2019,1134.70,1144.65,1130.25,1134.05,1138.133417852077871846,465380,9362,529664530.00,130499,28.04,14.40,-0.65
15-January-2019,1103.20,1132.30,1103.20,1129.55,1124.194381284040520022,661895,12574,744098640.00,316805,47.86,29.10,26.35
14-January-2019,1096.70,1102.00,1086.25,1096.45,1092.911658011006898690,258020,5879,281993066.00,94567,36.65,15.75,-0.25
11-January-2019,1109.30,1114.00,1089.50,1097.90,1099.171060093372088400,477873,8840,525264172.00,121689,25.46,24.50,-11.40
10-January-2019,1108.40,1110.65,1102.10,1105.65,1105.416905725625810508,203576,3977,225036352.00,74180,36.44,8.55,-2.75
9-January-2019,1111.90,1116.00,1098.50,1108.40,1109.591810739722788663,338370,7291,375452581.00,72511,21.43,17.50,-3.50
8-January-2019,1106.35,1109.90,1096.10,1103.95,1101.608098267966730008,513616,6328,565803545.00,277431,54.02,13.80,-2.40
7-January-2019,1105.15,1117.95,1101.00,1103.45,1109.602058183257470809,303180,6341,336409152.00,88316,29.13,16.95,-1.70
4-January-2019,1098.00,1104.35,1081.25,1099.05,1093.860703230215682727,397992,9088,435347809.00,105150,26.42,23.10,1.05
3-January-2019,1108.05,1114.45,1089.65,1091.75,1100.466799796104703595,357046,9329,392917269.00,95474,26.74,24.80,-16.30
2-January-2019,1116.00,1126.75,1101.45,1106.30,1112.256269757639620653,322660,7052,358880608.00,78233,24.25,25.30,-9.70
1-January-2019,1126.00,1130.00,1111.55,1121.35,1118.855772245326564453,264741,6178,296206996.00,70943,26.80,18.45,-4.65
31-December-2018,1127.15,1133.40,1116.60,1121.05,1122.607469385283744304,264252,5537,296651269.00,64647,24.46,16.80,-6.10
28-December-2018,1123.30,1135.90,1122.00,1125.80,1129.832111257475257335,343132,7868,387681552.00,87263,25.43,13.90,2.50
27-December-2018,1105.00,1125.90,1104.45,1120.00,1119.317815701459849199,454773,11609,509035521.00,111874,24.60,21.45,15.00
26-December-2018,1087.00,1100.65,1066.55,1096.95,1081.033615975642367289,474923,12592,513407728.00,84857,17.87,34.10,9.95
24-December-2018,1101.80,1103.00,1086.50,1090.05,1093.660721615555004973,270421,6340,295748826.00,57737,21.35,16.50,-11.75
21-December-2018,1128.30,1131.40,1095.00,1098.35,1109.692982907773819858,835175,11407,926787837.00,517822,62.00,36.40,-29.95
20-December-2018,1124.00,1131.95,1116.50,1127.25,1125.209471713376128594,306576,8623,344962219.00,75601,24.66,15.45,3.25
19-December-2018,1138.65,1146.55,1131.40,1137.10,1141.179955494877610913,1116276,7385,1273871796.00,877394,78.60,15.15,-1.55
18-December-2018,1122.00,1139.50,1120.80,1136.45,1130.632831234139641002,300671,6444,339948504.00,57121,19.00,18.70,14.45
17-December-2018,1114.70,1133.80,1110.30,1130.60,1125.271802573733407315,374864,8112,421823889.00,83652,22.32,23.50,15.90
14-December-2018,1103.90,1115.00,1092.60,1111.75,1107.235816685152619507,384977,8605,426260323.00,70910,18.42,22.40,7.85
13-December-2018,1125.60,1126.35,1096.55,1106.80,1110.673795361786945929,632140,11297,702101333.00,287519,45.48,29.80,-18.80
12-December-2018,1100.00,1113.35,1088.10,1110.50,1099.231317615736517396,1035909,11812,1138703615.00,607762,58.67,25.25,10.50
11-December-2018,1066.10,1100.20,1055.35,1096.20,1079.168192954869582025,957115,20943,1032888065.00,229901,24.02,44.85,30.10
10-December-2018,1112.65,1112.75,1084.00,1088.50,1090.923258102213302991,1104729,16559,1205174560.00,762774,69.05,28.75,-24.15
7-December-2018,1132.80,1135.20,1109.10,1133.25,1125.911385632044742659,256042,6870,288280603.00,63497,24.80,26.10,0.45
6-December-2018,1147.50,1147.85,1118.25,1123.45,1135.894110657975016858,249128,8001,282983028.00,69192,27.77,29.60,-24.05
5-December-2018,1144.70,1159.00,1139.60,1154.85,1150.495948836827942963,268318,6005,308698772.00,70546,26.29,19.40,10.15
4-December-2018,1157.00,1157.40,1142.95,1151.55,1149.317192642787996127,206600,4741,237448932.00,34752,16.82,14.45,-5.45
3-December-2018,1172.05,1174.00,1148.65,1156.30,1158.381920208033942380,292260,8019,338548700.00,79862,27.33,25.35,-15.75
30-November-2018,1172.00,1186.00,1162.95,1168.20,1173.569391549233798664,454515,16103,533404892.00,118071,25.98,23.05,-3.80
29-November-2018,1159.00,1179.90,1158.80,1170.00,1171.965290094966532150,413830,14828,484994396.00,116134,28.06,21.10,11.00
28-November-2018,1132.30,1157.70,1126.50,1146.25,1139.617156918996799653,1098006,17132,1251306476.00,169921,15.48,31.20,13.95
27-November-2018,1109.50,1129.40,1101.70,1127.50,1122.579155183379266482,264152,6556,296531529.00,61921,23.44,27.70,18.00
26-November-2018,1109.95,1117.25,1098.05,1109.60,1107.733301622271179651,279608,6373,309731093.00,66919,23.93,19.20,-0.35
22-November-2018,1114.70,1125.10,1100.00,1102.85,1112.906518704015601453,360992,8015,401750350.00,76688,21.24,25.10,-11.85
21-November-2018,1137.00,1145.40,1107.05,1112.30,1115.365938481683254548,499461,9198,557081787.00,192693,38.58,38.35,-24.70
20-November-2018,1146.00,1155.45,1130.40,1138.65,1141.293971163395426545,472247,6805,538972654.00,64810,13.72,25.05,-7.35
19-November-2018,1132.00,1151.40,1131.20,1149.60,1141.130495047580166992,514395,13163,586991821.00,215124,41.82,20.20,17.60
16-November-2018,1096.10,1129.30,1096.10,1127.50,1122.166917513571339152,702952,14307,788829479.00,161502,22.97,33.20,31.40
15-November-2018,1096.00,1102.85,1087.10,1096.90,1094.984758451321714403,286257,6454,313447052.00,52445,18.32,15.75,0.90
14-November-2018,1105.00,1112.85,1087.00,1096.10,1098.051187503421942806,420083,8532,461272637.00,88950,21.17,25.85,-8.90
13-November-2018,1075.90,1102.80,1071.00,1099.55,1090.265427750690630537,363436,8299,396241706.00,83791,23.06,31.80,23.65
12-November-2018,1098.50,1100.05,1074.30,1078.75,1085.915927104425802719,259275,7060,281550852.00,73519,28.36,25.75,-19.75
9-November-2018,1106.00,1113.30,1086.00,1093.35,1100.432592436532181607,379720,7920,417856264.00,94582,24.91,27.30,-12.65
7-November-2018,1116.80,1117.00,1106.60,1110.55,1110.660072555268274106,99786,3836,110828326.00,42586,42.68,10.40,-6.25
6-November-2018,1094.30,1111.95,1093.05,1103.45,1104.369267744487248713,661149,11150,730152637.00,249829,37.79,18.90,9.15
5-November-2018,1074.00,1093.50,1064.50,1088.55,1072.589550319978448391,5052059,14534,5418785691.00,4346186,86.03,29.00,14.55
2-November-2018,1067.80,1081.00,1063.00,1074.25,1069.774226839061543225,4308094,14539,4608687928.00,3619191,84.01,18.00,6.45
1-November-2018,1066.40,1068.80,1050.30,1056.90,1058.489017097488171868,393976,9454,417019269.00,85260,21.64,18.50,-9.50
31-October-2018,1064.70,1065.70,1047.65,1061.40,1061.406704939286457302,3153168,10980,3346793657.00,2709209,85.92,18.05,-3.30
30-October-2018,1087.45,1087.45,1052.00,1057.15,1064.765084944346807264,558189,13384,594340158.00,138891,24.88,35.45,-30.30
29-October-2018,1047.70,1093.15,1047.00,1088.00,1071.352596622980388788,535561,12329,573774668.00,114234,21.33,46.15,40.30
26-October-2018,1040.00,1056.75,1022.15,1044.70,1043.700571887227851911,647855,14144,676166634.00,89817,13.86,34.60,4.70
25-October-2018,1036.00,1040.05,1017.00,1030.20,1029.148342577121871792,704437,17801,724970171.00,193416,27.46,23.05,-5.80
24-October-2018,1074.00,1074.95,1031.00,1046.60,1049.174530456396895426,584557,13935,613302316.00,160476,27.45,43.95,-27.40
23-October-2018,1053.00,1064.50,1043.70,1052.60,1053.389206468383302333,527427,12615,555585909.00,141338,26.80,20.80,-0.40
22-October-2018,1111.00,1114.80,1057.35,1062.45,1081.490803836838474791,646574,19144,699263835.00,211879,32.77,57.45,-48.55
19-October-2018,1103.90,1110.00,1073.15,1101.65,1091.483717483717483717,1461537,29562,1595243838.00,655286,44.84,36.85,-2.25
17-October-2018,1180.00,1180.95,1141.00,1148.90,1168.247769947962584816,1452993,15094,1697455832.00,898169,61.82,39.95,-31.10
16-October-2018,1146.15,1168.00,1140.80,1163.65,1155.505975898322528415,464449,11757,536673595.00,118255,25.46,27.20,17.50
15-October-2018,1133.30,1146.35,1119.25,1139.80,1137.466520180409390540,397762,12777,452440958.00,75084,18.88,27.10,6.50
12-October-2018,1102.50,1129.00,1102.00,1126.40,1121.248509316213259688,446104,11160,500193445.00,104315,23.38,27.00,23.90
11-October-2018,1067.80,1114.40,1043.05,1089.20,1086.152927173741208810,765397,17702,831338192.00,142520,18.62,71.35,21.40
10-October-2018,1095.00,1114.70,1085.10,1102.35,1101.459998171570892396,404719,10879,445781789.00,67328,16.64,29.60,7.35
9-October-2018,1121.10,1123.50,1080.75,1090.40,1103.029464789640881750,620130,16031,684021662.00,125017,20.16,42.75,-30.70
8-October-2018,1048.85,1115.35,1025.20,1107.95,1083.820858327684397061,1330634,31974,1442168884.00,276727,20.80,90.15,59.10
5-October-2018,1102.60,1115.55,1039.55,1049.85,1078.781661904896851220,1164483,37869,1256222906.00,271825,23.34,76.00,-52.75
4-October-2018,1199.00,1199.00,1105.05,1120.55,1140.900705335074634920,1482416,42726,1691289460.00,459995,31.03,93.95,-78.45
3-October-2018,1233.10,1239.75,1198.70,1205.30,1216.429484156209850355,430421,11873,523576795.00,130256,30.26,41.05,-27.80
1-October-2018,1258.20,1260.00,1204.30,1231.55,1227.095172534126505941,366797,9965,450094828.00,66461,18.12,55.70,-26.65
28-September-2018,1260.00,1271.10,1247.65,1258.20,1256.213811332866299829,648062,12202,814104435.00,339361,52.37,23.45,-1.80
27-September-2018,1259.80,1263.25,1238.60,1252.90,1251.819547694433102994,389427,9977,487492331.00,85334,21.91,24.65,-6.90
26-September-2018,1235.20,1254.10,1226.80,1251.75,1240.607314509083909560,337685,8887,418934481.00,131410,38.91,27.30,16.55
25-September-2018,1233.30,1244.90,1195.75,1230.60,1226.820889955240130650,396784,14124,486782900.00,73170,18.44,49.15,-2.70
24-September-2018,1216.00,1239.90,1204.25,1232.30,1224.787549459595825477,451884,14400,553461897.00,192393,42.58,35.65,16.30
21-September-2018,1220.05,1237.10,1183.20,1216.85,1223.288332238630986432,566364,14105,692826473.00,202323,35.72,53.90,-3.20
19-September-2018,1225.00,1227.00,1201.20,1210.30,1210.645654344494496818,861320,13027,1042753315.00,501202,58.19,25.80,-14.70
18-September-2018,1224.00,1238.90,1214.25,1217.20,1228.184924383378655598,314415,9624,386159763.00,81647,25.97,24.65,-6.80
17-September-2018,1251.90,1251.90,1220.50,1226.25,1233.111595644575883855,371950,10206,458655858.00,100654,27.06,31.40,-25.65
14-September-2018,1261.00,1275.00,1248.55,1252.80,1257.863695068483839173,294230,7446,370101235.00,79267,26.94,26.45,-8.20
12-September-2018,1244.45,1257.65,1229.85,1252.70,1243.499809486484426880,459285,9593,571120810.00,62561,13.62,27.80,8.25
11-September-2018,1260.00,1267.75,1235.00,1238.45,1252.894717573936206543,366025,9979,458590789.00,82487,22.54,32.75,-21.55
10-September-2018,1275.00,1276.75,1251.55,1257.15,1263.687195223136694333,343489,9264,434062651.00,71284,20.75,25.20,-17.85
7-September-2018,1267.70,1279.90,1254.85,1276.75,1271.423463983050847457,430464,10897,547302030.00,91640,21.29,25.05,9.05
6-September-2018,1230.00,1263.80,1226.00,1260.15,1245.310056910380016781,558949,12177,696064811.00,102255,18.29,37.80,30.15
5-September-2018,1245.00,1252.45,1210.00,1225.80,1228.889420920613299224,1203980,17285,1479558285.00,596628,49.55,42.45,-19.20
4-September-2018,1235.00,1254.75,1230.00,1242.35,1241.189098129289351339,433632,10816,538219311.00,65432,15.09,24.75,7.35
3-September-2018,1249.00,1258.00,1227.50,1230.40,1244.617672812399915796,1220847,12950,1519487752.00,793456,64.99,30.50,-18.60
31-August-2018,1273.80,1273.80,1237.05,1240.95,1251.350399213721861896,1284024,14772,1606763945.00,900813,70.16,36.75,-32.85
30-August-2018,1300.00,1300.00,1270.45,1274.10,1278.056379830189254935,1802595,11065,2303818040.00,1472726,81.70,29.55,-25.90
29-August-2018,1319.00,1328.75,1290.30,1294.45,1309.211051735892640880,570571,15437,746997859.00,137151,24.04,38.45,-24.55
28-August-2018,1298.75,1323.00,1295.50,1318.20,1310.944019012410879324,484736,12158,635461760.00,115900,23.91,27.50,19.45
27-August-2018,1280.05,1296.20,1280.00,1291.60,1290.466958294255467152,288953,7343,372884299.00,68974,23.87,16.20,11.55
24-August-2018,1265.00,1280.00,1260.90,1278.05,1272.662423917266386694,378371,8861,481538554.00,90844,24.01,19.10,13.05
23-August-2018,1244.00,1273.55,1238.60,1269.70,1260.235398477986834119,364123,10008,458880694.00,103036,28.30,34.95,25.70
21-August-2018,1236.00,1251.00,1227.15,1246.50,1242.412719812700652837,427978,8444,531725311.00,169337,39.57,23.85,10.50
20-August-2018,1206.50,1238.05,1206.50,1234.90,1225.519727149481680214,561333,11226,687924665.00,232771,41.47,31.55,28.40
17-August-2018,1206.00,1215.00,1200.25,1203.45,1208.405919285329032460,190969,4483,230768070.00,44000,23.04,14.75,-2.55
16-August-2018,1206.40,1215.70,1196.25,1200.20,1204.831678029823266101,323707,6759,390012448.00,93709,28.95,19.45,-6.20
14-August-2018,1187.20,1216.40,1185.25,1210.95,1203.726430011148129573,313057,7748,376834985.00,80767,25.80,31.15,23.75
13-August-2018,1203.00,1203.00,1183.05,1187.15,1191.402455997458078432,223453,5606,266222453.00,59977,26.84,19.95,-15.85
10-August-2018,1215.00,1215.30,1201.95,1204.00,1207.810167272557247893,171098,4431,206653904.00,52765,30.84,13.35,-11.00
9-August-2018,1220.00,1231.50,1212.00,1217.95,1222.695549185988213147,528555,9232,646261846.00,295581,55.92,19.50,-2.05
8-August-2018,1188.40,1222.00,1186.00,1217.25,1205.056108083893130250,477703,13587,575658918.00,142777,29.89,36.00,28.85
7-August-2018,1196.00,1200.00,1178.30,1183.55,1185.552248457127642376,210322,4989,249347720.00,60982,28.99,21.70,-12.45
6-August-2018,1180.00,1196.00,1174.85,1191.50,1187.699622666860745037,267933,5794,318223923.00,60281,22.50,21.15,11.50
3-August-2018,1175.00,1183.85,1169.50,1176.75,1176.319454407207620796,278816,6056,327976685.00,75712,27.15,14.35,1.75
2-August-2018,1192.35,1194.50,1166.00,1168.35,1173.962170127642004399,280942,8169,329815280.00,62971,22.41,28.50,-24.00
1-August-2018,1195.00,1202.95,1185.95,1191.15,1193.344517013463892288,510625,11470,609351544.00,117387,22.99,17.00,-3.85
31-July-2018,1150.00,1190.00,1145.00,1185.85,1174.096106296918354018,1165189,15180,1368043868.00,642377,55.13,45.00,35.85
30-July-2018,1136.00,1157.55,1126.60,1149.70,1143.088598454255844214,713184,16271,815232499.00,166693,23.37,30.95,13.70
27-July-2018,1117.20,1137.00,1112.80,1129.60,1127.607317133143032137,447361,9677,504447537.00,132729,29.67,24.20,12.40
26-July-2018,1113.00,1121.00,1107.70,1110.35,1114.832218817357882982,154028,4490,171715377.00,60309,39.15,13.30,-2.65
25-July-2018,1112.25,1122.30,1104.55,1114.05,1116.138707973284027017,265010,5802,295787919.00,102790,38.79,17.75,1.80
24-July-2018,1122.00,1126.10,1107.65,1110.55,1115.066007184232672213,305391,5790,340531123.00,135804,44.47,18.45,-11.45
23-July-2018,1129.70,1130.00,1114.00,1120.15,1119.628889428918590522,205750,4704,230363644.00,69915,33.98,16.00,-9.55
20-July-2018,1110.50,1138.25,1110.50,1128.55,1125.243468568781179988,446801,12094,502759907.00,109831,24.58,27.75,18.05
19-July-2018,1095.00,1114.00,1086.80,1103.90,1094.773153238319341546,778552,9443,852337828.00,475172,61.03,27.20,8.90
18-July-2018,1097.90,1104.50,1079.00,1090.55,1091.012232898888342492,278593,6239,303948371.00,68116,24.45,25.50,-7.35
17-July-2018,1079.00,1095.00,1069.15,1091.70,1085.885690960883762940,287860,7215,312583055.00,65358,22.70,25.85,12.70
16-July-2018,1098.05,1108.50,1073.00,1076.15,1081.986070422251515714,446819,10297,483451934.00,92236,20.64,35.50,-21.90
13-July-2018,1082.90,1107.25,1080.90,1096.75,1097.389221721226647577,874481,18901,959646024.00,151061,17.27,26.35,13.85
12-July-2018,1043.15,1098.80,1043.15,1082.20,1080.071253870827459598,1370508,31087,1480246294.00,354404,25.86,55.65,39.05
11-July-2018,1025.00,1038.70,1017.00,1036.35,1029.927221081130395973,405557,10212,417694194.00,94709,23.35,21.70,11.35
10-July-2018,1001.50,1028.50,1001.50,1025.75,1018.882584797504116701,610926,15491,622461862.00,284106,46.50,27.00,24.25
9-July-2018,985.50,998.70,983.30,995.65,992.302394762693214202,288087,7756,285869420.00,96762,33.59,15.40,10.15
6-July-2018,965.90,982.45,964.80,976.50,976.977776325055789476,336533,7663,328785262.00,78509,23.33,17.65,10.60
5-July-2018,998.70,1008.50,960.10,965.00,986.866420584706856092,1290356,25652,1273409007.00,339478,26.31,48.40,-33.70
4-July-2018,974.80,992.00,972.00,990.05,983.211169475991469697,337151,6750,331490629.00,100560,29.83,20.00,15.25
3-July-2018,964.00,978.25,961.00,971.60,972.204052317229908520,224859,4442,218608831.00,48814,21.71,17.25,7.60
2-July-2018,973.00,973.50,957.55,961.05,962.492354930793772638,208435,4397,200617094.00,44981,21.58,15.95,-11.95
29-June-2018,952.00,977.75,949.70,972.95,966.319314186580868217,325103,8350,314153308.00,91440,28.13,28.05,20.95
28-June-2018,965.05,969.00,941.35,944.70,953.806090204973000301,284818,6887,271661143.00,102753,36.08,27.65,-20.35
27-June-2018,980.00,985.75,960.50,965.30,972.718386065583029289,354116,8206,344455144.00,126179,35.63,25.25,-14.70
26-June-2018,1003.60,1005.05,975.50,978.70,986.145090544350466276,368880,9260,363769201.00,133718,36.25,29.55,-24.90
25-June-2018,1017.00,1017.00,1001.95,1003.55,1008.548410651291582900,210904,3934,212706894.00,59013,27.98,15.05,-13.45
22-June-2018,1030.00,1030.00,1008.60,1012.30,1011.994750765018824008,6655065,8066,6734890846.00,6219923,93.46,21.40,-17.70
21-June-2018,1023.00,1035.80,1020.40,1032.35,1030.332160789317921468,444333,9542,457810580.00,147825,33.27,15.40,9.35
20-June-2018,996.50,1021.75,996.00,1019.95,1015.903655206197511960,340911,6983,346332731.00,97011,28.46,25.75,23.45
19-June-2018,1015.00,1015.00,993.05,995.65,1002.346721765648858190,236423,7261,236977819.00,94910,40.14,21.95,-19.35
18-June-2018,1010.80,1018.60,1007.70,1015.00,1014.042933161883395803,292408,5158,296514266.00,132923,45.46,10.90,4.20
15-June-2018,1007.50,1023.50,999.75,1013.85,1015.999714241432086328,412936,13182,419542858.00,146759,35.54,23.75,6.35
14-June-2018,996.20,1011.70,988.20,1007.50,1002.799912261610033463,294056,6461,294879331.00,108044,36.74,23.50,11.30
13-June-2018,999.00,1004.90,990.00,1002.10,999.186076825939956821,343686,7975,343406266.00,125598,36.54,14.90,3.10
12-June-2018,982.20,998.00,980.45,995.40,990.892382173562821587,243324,5183,241107898.00,92668,38.08,17.55,13.20
11-June-2018,984.35,999.50,978.20,982.45,993.511780280823826777,832408,7753,827007154.00,682713,82.02,21.30,-1.90
8-June-2018,968.90,986.50,960.55,983.40,974.264816657591858958,266305,5951,259451592.00,94254,35.39,25.95,14.50
7-June-2018,955.00,975.60,955.00,971.40,970.583696735892455065,329983,7317,320276120.00,145324,44.04,20.60,16.40
6-June-2018,948.90,955.40,942.55,953.40,952.240181400463845123,183682,4254,174909381.00,85289,46.43,12.85,4.50
5-June-2018,941.25,955.00,941.20,947.85,949.147687343009857339,289429,6501,274710866.00,121237,41.89,13.80,6.60
4-June-2018,934.80,943.75,932.00,939.35,939.162881165721294867,1868577,8483,1754898159.00,105184,5.63,11.75,4.55
1-June-2018,921.30,934.90,919.10,929.20,928.297577551998230893,2034925,5546,1889015948.00,1852911,91.06,15.80,7.90
31-May-2018,919.35,924.00,916.50,921.30,921.284894667758262715,2016619,7010,1857880623.00,815070,40.42,7.50,1.95
30-May-2018,914.00,922.80,907.10,917.35,916.664461335849760973,482165,5720,441983520.00,208916,43.33,15.70,3.35
29-May-2018,920.05,927.90,914.15,917.00,919.990905052797311976,227379,4026,209186612.00,63569,27.96,13.75,-3.05
28-May-2018,923.55,927.15,918.95,921.00,922.220518379117651622,1353411,4338,1248143394.00,333915,24.67,8.20,-2.55
25-May-2018,918.05,924.25,915.60,921.75,920.532244063460154652,175102,3836,161187037.00,72906,41.64,8.65,3.70
24-May-2018,916.70,920.95,910.85,916.05,916.529192734103755388,238484,4963,218577548.00,80733,33.85,10.10,-0.65
23-May-2018,927.00,927.10,909.05,912.25,917.512366170713744099,275631,9609,252894851.00,118402,42.96,18.05,-14.75
22-May-2018,933.00,934.20,924.50,926.90,929.621822033898305084,220896,5801,205349742.00,80243,36.33,9.70,-6.10
21-May-2018,932.00,935.40,922.00,931.95,927.531718386712080784,233114,5205,216220629.00,92122,39.52,13.40,-0.05
18-May-2018,946.00,953.55,931.50,933.40,941.189844231748840451,484887,8371,456370720.00,265293,54.71,22.05,-12.60
17-May-2018,959.90,960.70,942.50,945.15,949.041759167870949861,1414396,6860,1342320868.00,459082,32.46,18.20,-14.75
16-May-2018,976.30,976.30,954.40,956.45,961.539132749186011502,1288716,7546,1239150865.00,299595,23.25,21.90,-19.85
15-May-2018,980.00,999.30,977.00,979.35,991.202571272163454761,305063,7562,302379230.00,110871,36.34,22.30,-0.65
14-May-2018,993.90,993.90,976.40,984.85,983.688782776241936835,167118,5265,164392102.00,52045,31.14,17.50,-9.05
11-May-2018,982.80,990.15,977.25,988.50,984.938234677963734549,343688,7210,338511452.00,140530,40.89,12.90,5.70
10-May-2018,977.10,984.00,974.50,980.70,980.337279733961757002,319954,8042,313662834.00,123112,38.48,9.50,3.60
9-May-2018,967.65,982.65,962.00,975.30,975.197030501200327280,333659,5265,325383266.00,96837,29.02,20.65,7.65
8-May-2018,973.55,982.00,965.15,967.65,973.739739535214270485,337704,6241,328835805.00,128504,38.05,16.85,-5.90
7-May-2018,958.00,974.00,956.50,971.85,964.644672944073322541,350888,11165,338482240.00,166744,47.52,17.50,13.85
4-May-2018,963.95,964.50,949.65,953.90,954.609350048130157299,179721,6037,171563347.00,78990,43.95,14.85,-10.05
3-May-2018,977.00,978.80,959.30,962.60,963.481683115714205351,319978,6539,308292942.00,142283,44.47,19.50,-14.40
2-May-2018,968.80,978.20,966.25,973.00,973.458405143200170407,309846,9705,301622193.00,99902,32.24,11.95,4.20
30-April-2018,984.70,992.00,961.00,963.10,969.730680196837783536,549488,14823,532855372.00,153539,27.94,31.00,-21.60
27-April-2018,988.25,1010.70,988.25,994.75,998.945870012254015958,1092703,19151,1091551149.00,433861,39.71,22.45,6.50
26-April-2018,972.00,988.00,963.40,975.35,977.860782880884131067,530962,11869,519206917.00,145526,27.41,24.60,3.35
25-April-2018,972.55,981.45,964.50,970.70,971.498738777707513969,425381,7326,413257105.00,121573,28.58,16.95,-1.85
24-April-2018,937.70,974.50,935.00,969.75,959.968820653236847252,511300,11378,490832058.00,154076,30.13,39.50,32.05
23-April-2018,927.30,942.95,926.00,935.15,935.314811788076139706,159076,3460,148786139.00,45987,28.91,16.95,7.85
20-April-2018,939.00,941.60,921.45,928.05,927.183351479113741473,214926,3479,199275809.00,100231,46.64,20.15,-10.95
19-April-2018,938.20,943.95,935.10,941.25,940.753225784419522723,366035,3423,344348607.00,183260,50.07,8.85,3.05
18-April-2018,945.00,948.25,934.00,937.00,939.485787397169641510,205557,2922,193117880.00,112215,54.59,14.25,-8.00
17-April-2018,938.25,947.50,936.10,943.70,941.844371396090999986,365055,6860,343824997.00,183393,50.24,11.40,5.45
16-April-2018,935.00,939.90,928.30,937.25,933.044785738028532083,147413,2950,137542931.00,74326,50.42,11.60,2.25
13-April-2018,931.15,941.40,929.10,938.85,935.733485851330871493,723849,9567,677329748.00,521654,72.07,12.30,7.70
12-April-2018,930.00,935.30,923.10,927.55,927.579473587529850158,381070,4237,353472710.00,212657,55.81,12.20,-2.45
11-April-2018,920.10,931.00,916.65,929.05,927.690465113127690424,442774,7573,410757218.00,210096,47.45,14.35,8.95
10-April-2018,918.00,922.45,913.35,916.45,917.237483617300131061,518840,5209,475899496.00,300705,57.96,9.10,-1.55
9-April-2018,912.95,917.75,911.40,916.05,915.380146698591665919,289846,3741,265319274.00,147982,51.06,6.35,3.10
6-April-2018,909.90,917.20,905.00,909.75,911.158297967335830129,421073,5884,383664158.00,210382,49.96,12.20,-0.15
5-April-2018,902.55,910.00,902.55,906.75,906.228587934378067035,465637,5262,421973561.00,271799,58.37,7.45,4.20
4-April-2018,905.50,911.15,892.35,895.10,900.862893790586593677,186330,4054,167857783.00,61876,33.21,18.80,-10.40
3-April-2018,890.00,901.00,886.10,898.80,892.119040152386262006,172194,3819,153617546.00,49256,28.60,14.90,8.80
2-April-2018,890.50,901.20,886.40,892.70,894.741046046472040173,469960,11393,420492502.00,266837,56.78,14.80,2.20
28-March-2018,895.05,896.00,881.00,882.80,887.848067925622307139,324237,7597,287873194.00,148827,45.90,15.00,-12.25
27-March-2018,905.05,910.05,897.50,899.95,903.431507807037986483,300370,3518,271363722.00,196270,65.34,12.55,-5.10
26-March-2018,892.85,904.50,892.00,901.05,898.382345008487976688,567273,9791,509628048.00,374948,66.10,12.50,8.20
23-March-2018,893.40,899.70,890.00,892.85,894.565421481250150142,416270,6301,372380748.00,180963,43.47,9.70,-0.55
22-March-2018,896.50,910.60,895.20,907.30,907.238785448366264537,810933,7468,735709870.00,470988,58.08,15.40,10.80
21-March-2018,895.80,901.95,892.00,896.35,897.261178458455311707,254485,3933,228339511.00,95436,37.50,9.95,0.55
20-March-2018,899.10,903.60,887.00,889.55,894.064116162411742261,285669,5456,255406402.00,109966,38.49,16.60,-9.55
19-March-2018,903.80,906.10,892.35,895.30,898.137556364226275407,271227,4865,243599155.00,64859,23.91,13.75,-8.50
16-March-2018,910.00,910.00,886.40,900.50,898.571969542800115264,614239,11220,551937948.00,231580,37.70,23.60,-9.50
15-March-2018,928.70,928.70,910.00,912.25,918.801613282713707674,344267,4218,316313075.00,94973,27.59,18.70,-16.45
14-March-2018,926.55,931.20,919.55,928.60,924.457335227272727272,176000,3231,162704491.00,62237,35.36,11.65,2.05
13-March-2018,929.35,935.35,921.60,930.60,929.480524624126007281,196941,3754,183052824.00,62160,31.56,13.75,1.25
12-March-2018,918.90,933.00,916.20,929.35,924.158886732288922778,288520,5429,266638322.00,105916,36.71,16.80,10.45
9-March-2018,915.00,919.00,910.00,912.05,914.285692634131555016,178146,3546,162876339.00,56249,31.57,9.00,-2.95
8-March-2018,899.70,913.90,894.30,911.60,905.155769402861051097,312892,7503,283215999.00,93946,30.03,19.60,11.90
7-March-2018,908.60,909.30,888.30,891.55,898.294410210354404341,337383,8143,303069263.00,111215,32.96,21.00,-17.05
6-March-2018,929.70,936.00,903.15,910.90,922.448878229601965874,288116,4989,265772281.00,98084,34.04,32.85,-18.80
5-March-2018,944.50,949.90,922.00,924.20,935.068594126896069783,652534,6613,610164050.00,169752,26.01,27.90,-20.30
1-March-2018,950.85,958.80,946.00,947.70,951.092438715617447347,173780,3916,165280844.00,50666,29.16,12.80,-3.15
28-February-2018,944.50,954.90,937.00,952.45,949.645651103953855851,231622,4695,219958825.00,66435,28.68,17.90,7.95
27-February-2018,939.00,955.50,938.60,949.95,949.212845854422611602,342196,6700,324816839.00,138050,40.34,16.90,10.95
26-February-2018,936.10,944.75,936.10,938.60,941.320945518897737327,197775,3734,186169750.00,75481,38.17,8.65,2.50
23-February-2018,924.20,937.00,923.75,934.00,932.125452045275484587,204349,4145,190478904.00,63783,31.21,13.25,9.80
22-February-2018,923.15,930.75,920.00,923.90,925.201031566172555138,161502,3584,149421817.00,50352,31.18,10.75,0.75
21-February-2018,927.00,931.00,922.00,928.35,926.571146009343007653,201220,3938,186444646.00,75227,37.39,9.00,1.35
20-February-2018,928.00,930.00,916.00,919.40,922.801721925892764526,183167,3405,169026823.00,49695,27.13,14.00,-8.60
19-February-2018,920.30,930.60,914.40,925.85,921.818309458939943503,239308,5138,220598496.00,61200,25.57,16.20,5.55
16-February-2018,937.35,942.00,918.65,921.70,929.693424572317262830,241125,4569,224172327.00,54927,22.78,23.35,-15.65
15-February-2018,936.05,945.00,928.30,934.05,937.613761283081852104,312747,5587,293235891.00,82005,26.22,16.70,-2.00
14-February-2018,921.65,941.50,920.80,932.40,931.253805639711023071,429100,8212,399601008.00,96537,22.50,20.70,10.75
12-February-2018,901.10,918.00,901.10,914.70,910.316045248153251858,354136,5152,322375683.00,108700,30.69,16.90,13.60
9-February-2018,891.95,902.25,886.50,897.95,895.889200146155586101,402311,5784,360426080.00,153639,38.19,15.75,6.00
8-February-2018,896.35,910.00,892.05,903.60,903.311757926038813688,417327,6958,376976386.00,101494,24.32,17.95,7.25
7-February-2018,900.55,905.50,890.55,894.00,898.374157048502234972,374725,7365,336643256.00,118733,31.69,14.95,-6.55
6-February-2018,880.00,897.95,872.10,892.75,885.501489997378219244,1041277,17149,922052335.00,478704,45.97,25.85,12.75
5-February-2018,895.80,912.00,882.70,904.45,901.194372355977592920,386485,8805,348298107.00,115066,29.77,29.30,8.65
2-February-2018,938.70,943.25,903.00,905.70,917.489698307579102281,701244,13805,643384146.00,286344,40.83,40.25,-33.00
1-February-2018,964.40,971.25,938.20,944.10,951.972532136793596895,758632,9362,722196826.00,110955,14.63,33.05,-20.30
31-January-2018,950.00,964.90,942.00,961.15,958.798679391417356945,457062,5985,438230442.00,247419,54.13,22.90,11.15
30-January-2018,964.00,964.30,945.55,949.25,953.632642475101438583,694016,5373,661836312.00,479586,69.10,18.75,-14.75
29-January-2018,966.00,976.55,960.10,963.80,968.734805281791216151,418040,5161,404969898.00,250039,59.81,16.45,-2.20
25-January-2018,970.00,971.45,957.25,964.55,964.439822165766910130,421966,7960,406960814.00,224015,53.09,14.20,-5.45
24-January-2018,981.90,981.90,960.50,964.55,967.336634739241755729,441731,7404,427302579.00,181756,41.15,21.40,-17.35
23-January-2018,975.00,990.00,975.00,981.70,983.912499159952509315,669605,10836,658832729.00,204445,30.53,15.00,6.70
22-January-2018,948.50,974.50,940.10,971.20,956.786534343777167141,1773742,22829,1697092461.00,732409,41.29,34.40,22.70
